-- --------------------------------------------------------
-- Host:                         127.0.0.1
-- Versione server:              5.5.16 - MySQL Community Server (GPL)
-- S.O. server:                  Win64
-- HeidiSQL Versione:            8.3.0.4694
-- --------------------------------------------------------

/*!40101 SET @OLD_CHARACTER_SET_CLIENT=@@CHARACTER_SET_CLIENT */;
/*!40101 SET NAMES utf8 */;
/*!40014 SET @OLD_FOREIGN_KEY_CHECKS=@@FOREIGN_KEY_CHECKS, FOREIGN_KEY_CHECKS=0 */;
/*!40101 SET @OLD_SQL_MODE=@@SQL_MODE, SQL_MODE='NO_AUTO_VALUE_ON_ZERO' */;

-- Dump della struttura del database pontiradio
CREATE DATABASE IF NOT EXISTS `pontiradio` /*!40100 DEFAULT CHARACTER SET utf8 */;
USE `pontiradio`;


-- Dump della struttura di tabella pontiradio.citta
CREATE TABLE IF NOT EXISTS `citta` (
  `idCitta` int(11) NOT NULL,
  `call` varchar(20) NOT NULL,
  `city` varchar(50) NOT NULL,
  PRIMARY KEY (`idCitta`)
) ENGINE=InnoDB DEFAULT CHARSET=utf8;

-- Dump dei dati della tabella pontiradio.citta: ~287 rows (circa)
DELETE FROM `citta`;
/*!40000 ALTER TABLE `citta` DISABLE KEYS */;
INSERT INTO `citta` (`idCitta`, `call`, `city`) VALUES
	(1, 'AA7RP', 'GREEN VALLEY'),
	(2, 'AC7IL', 'TUCSON'),
	(3, 'AG7H/R', 'TUCSON'),
	(4, 'AI7R', 'BELL BUTTE'),
	(5, 'AI7R', 'BELL BUTTE'),
	(6, 'AI7R', 'KINGMAN'),
	(7, 'AI7R', 'KINGMAN'),
	(8, 'AI7R', 'RED MTN/PATAGONIA'),
	(9, 'AI7R', 'ROOF BUTTE'),
	(10, 'AJ7T', 'GILBERT'),
	(11, 'K0NL', 'SCOTTSDALE'),
	(12, 'K4CSD', 'MESA'),
	(13, 'K5VT', 'TUCSON'),
	(14, 'K6PNG', 'LAKE HAVASU CITY'),
	(15, 'K7CBS', 'SO. MTN'),
	(16, 'K7DAD', 'MESA'),
	(17, 'K7EAR', 'GREENS PEAK'),
	(18, 'K7EAR', 'PINAL PEAK'),
	(19, 'K7ICU', 'TUCSON'),
	(20, 'K7IOU', 'TUCSON'),
	(21, 'K7KWA', 'PHOENIX'),
	(22, 'K7KWA', 'PHOENIX'),
	(23, 'K7LHR', 'MT. LEMMON'),
	(24, 'K7LHR/R', 'VAIL'),
	(25, 'K7LKL', 'SMITH PEAK'),
	(26, 'K7MCS', 'THOMPSON PK'),
	(27, 'K7MPR', 'KINGMAN'),
	(28, 'K7MRG', 'MINGUS MOUNTAIN'),
	(29, 'K7NAU', 'FLAGSTAFF'),
	(30, 'K7NAZ', 'BILL WILLIAMS MT'),
	(31, 'K7NAZ', 'LAKE HAVASU'),
	(32, 'K7NAZ', 'SCOTTSDALE'),
	(33, 'K7RDG', 'BISBEE'),
	(34, 'K7RDG', 'MESA'),
	(35, 'K7RDG', 'SHAW BUTTE'),
	(36, 'K7RLW', 'LAKE HAVASU CITY'),
	(37, 'K7RML', 'TUCSON'),
	(38, 'K7RST', 'TUCSON'),
	(39, 'K7RST', 'TUCSON'),
	(40, 'K7RST', 'TUCSON'),
	(41, 'K7RST', 'TUCSON'),
	(42, 'K7RST', 'TUCSON'),
	(43, 'K7RST', 'TUCSON'),
	(44, 'K7RST', 'TUCSON'),
	(45, 'K7UAZ', 'TUCSON'),
	(46, 'K7YCA', 'MINGUS MOUNTAIN'),
	(47, 'K7YCA', 'MT. UNION'),
	(48, 'K7ZWI', 'CHASE TOWER'),
	(49, 'K7ZWI', 'EDEN'),
	(50, 'K7ZWI', 'MULE MTN/BISBEE'),
	(51, 'K7ZWI', 'TUCSON'),
	(52, 'KA3IDN', 'LAKE HAVASU'),
	(53, 'KA7G/R', 'SUN CITY WEST'),
	(54, 'KA7LFX', 'MOUNT LEMMON'),
	(55, 'KA7TXS', 'TUCSON'),
	(56, 'KA7TXS', 'TUCSON'),
	(57, 'KA7UOU', 'YUMA'),
	(58, 'KB5ITS', 'RED VALLEY'),
	(59, 'KB6POQ', 'SCOTTSDALE'),
	(60, 'KB6TWC', 'PRESCOTT'),
	(61, 'KB7CGA', 'SOUTH PHOENIX'),
	(62, 'KB7CN', 'JEROME'),
	(63, 'KB7LMI', 'TUCSON'),
	(64, 'KB7OBJ', 'BENSON'),
	(65, 'KB7OBJ', 'CAMP VERDE'),
	(66, 'KB7OBJ', 'GLENDALE'),
	(67, 'KB7OBJ', 'KINGMAN'),
	(68, 'KB7OBJ', 'MT ELDEN/FLAGSTAFF'),
	(69, 'KB7OBJ', 'ROOF BUTTE'),
	(70, 'KB7OBJ', 'TOWERS MTN'),
	(71, 'KC0LL', 'TUCSON'),
	(72, 'KC0LL', 'TUCSON'),
	(73, 'KC0LL', 'TUCSON'),
	(74, 'KC5CAY', 'PHOENIX'),
	(75, 'KC7AEH/N0NKU', 'TUCSON'),
	(76, 'KC7CPB', 'MARANA'),
	(77, 'KC7KLC', 'DELL WEBB HOSPITAL'),
	(78, 'KC7KLC', 'PHOENIX'),
	(79, 'KC7KLC', 'TUCSON'),
	(80, 'KC7KLC', 'TUCSON'),
	(81, 'KC7OZT', 'YUMA'),
	(82, 'KC7WYD', 'USERY PASS'),
	(83, 'KC7WYD', 'USERY PASS'),
	(84, 'KD7DR', 'PINAL PEAK'),
	(85, 'KD7IC', 'FLAGSTAFF'),
	(86, 'KD7IC', 'FLAGSTAFF'),
	(87, 'KD7LEN', 'CHINLE'),
	(88, 'KD7LEN', 'GREEN VALLEY'),
	(89, 'KD7LEN', 'NAVAJO MTN'),
	(90, 'KD7LEN', 'PINEY HILL'),
	(91, 'KD7LEN', 'TUCSON'),
	(92, 'KE7JFH', 'MESA'),
	(93, 'KE7JFH', 'MESA'),
	(94, 'KE7JFH', 'MESA'),
	(95, 'KE7JFH', 'MESA'),
	(96, 'KE7JFH', 'MESA'),
	(97, 'KE7JFH', 'MESA'),
	(98, 'KE7ULC', 'VAIL'),
	(99, 'KEC94', 'PHOENIX'),
	(100, 'KF6LCC', 'GOODYEAR'),
	(101, 'KF6QBW/R', 'GLENDALE'),
	(102, 'KF7KZK', 'PHOENIX'),
	(103, 'KF7LA', 'AJO'),
	(104, 'KF7LA', 'JACOB LAKE'),
	(105, 'KF7LA', 'RED MTN/PATAGONIA'),
	(106, 'KF7X', 'LAKE HAVASU CITY'),
	(107, 'KI6FH', 'MINGUS MOUNTAIN'),
	(108, 'KI7ML', 'TUCSON'),
	(109, 'KJ7YM', 'BENSON'),
	(110, 'KJ7YM', 'CASA GRANDE'),
	(111, 'KJ7YM', 'LAKE HAVASU'),
	(112, 'KJ7YM', 'MT LEMMON'),
	(113, 'KJ7YM', 'SAFFORD'),
	(114, 'KJ7YM', 'TUCSON'),
	(115, 'KR7ST', 'TUCSON'),
	(116, 'KX7KW', 'SOUTH MTN.'),
	(117, 'KXI23', 'GREER'),
	(118, 'KXI24', 'SAFFORD'),
	(119, 'KXI83', 'KINGMAN'),
	(120, 'KXI84', 'LAKE HAVASU'),
	(121, 'N0FPE', 'CHANDLER'),
	(122, 'N0FPE', 'CHANDLER/MESA'),
	(123, 'N0FPE', 'COOLIDGE'),
	(124, 'N0FPE', 'DOLAN SPRINGS'),
	(125, 'N0FPE', 'MULE MOUNTAIN'),
	(126, 'N0FPE', 'MULE MTN/BISBEE'),
	(127, 'N0FPE', 'PAGE'),
	(128, 'N0FPE', 'PINAL PEAK'),
	(129, 'N0FPE', 'TEMPE'),
	(130, 'N0FPE', 'TUCSON'),
	(131, 'N0FPE', 'TUCSON'),
	(132, 'N0FPE', 'TUCSON'),
	(133, 'N0FPE', 'TUCSON'),
	(134, 'N0NBH', 'SIERRA VIATA'),
	(135, 'N0NBH', 'SIERRA VISTA'),
	(136, 'N0NBH', 'SIERRA VISTA'),
	(137, 'N0NBH', 'SIERRA VISTA'),
	(138, 'N0NBH', 'SIERRA VISTA'),
	(139, 'N0NKU', 'TUCSON'),
	(140, 'N1DHS', 'TUCSON'),
	(141, 'N1KQ', 'CHASE TOWER PHX'),
	(142, 'N1KQ', 'GREEN VALLEY'),
	(143, 'N1KQ', 'NAVAJO MTN'),
	(144, 'N1KQ', 'TUCSON'),
	(145, 'N7ACS', 'GILA BEND'),
	(146, 'N7CI', 'PINAL PEAK'),
	(147, 'N7DJR', 'ELOY'),
	(148, 'N7ENS', 'SPRINGERVILLE'),
	(149, 'N7EOJ', 'MT. LEMMON'),
	(150, 'N7EOJ', 'TUCSON'),
	(151, 'N7EOJ', 'TUCSON'),
	(152, 'N7IQV/R', 'TUCSON'),
	(153, 'N7MFY', 'PHOENIX'),
	(154, 'N7MK', 'FOUNTAIN HILLS'),
	(155, 'N7MK', 'MESA'),
	(156, 'N7MK', 'PINAL PEAK'),
	(157, 'N7NGM', 'PRESCOTT'),
	(158, 'N7NRE', 'KAYENTA'),
	(159, 'N7OEM', 'MT LEMMON'),
	(160, 'N7OEM', 'TUCSON'),
	(161, 'N7SKO', 'TUCSON'),
	(162, 'N7SKT', 'PHOENIX'),
	(163, 'N7TAR', 'PAYSON'),
	(164, 'N7TWB', 'PHOENIX'),
	(165, 'N7TWW', 'MESA'),
	(166, 'N7TWW', 'PINAL PEAK'),
	(167, 'N7TWY', 'MESA'),
	(168, 'N7ULY', 'BLACK PEAK'),
	(169, 'N7ULY', 'CASA GRANDE'),
	(170, 'N7ULY', 'MINGUS MOUNTAIN'),
	(171, 'N7ULY', 'MT LEMMON'),
	(172, 'N7ULY', 'SACATON PEAK'),
	(173, 'N7ULY', 'SHAW BUTTE'),
	(174, 'N7ULY', 'TUCSON'),
	(175, 'N7ULY', 'WHITE TANKS'),
	(176, 'W0HF', 'BULLHEAD CITY'),
	(177, 'W0HF', 'CATALINA'),
	(178, 'W0HF', 'MT BIGELOW'),
	(179, 'W0HF', 'MT. UNION'),
	(180, 'W0HF', 'TOWERS MTN'),
	(181, 'W0HF', 'TUCSON'),
	(182, 'W0NWA', 'SCOTTSDALE'),
	(183, 'W1OQ', 'TOWERS MTN'),
	(184, 'W6SEL', 'SIERRA VISTA'),
	(185, 'W7APE', 'SCOTTSDALE'),
	(186, 'W7ARA', 'CHASE TOWER'),
	(187, 'W7ARA', 'CHASE TOWER'),
	(188, 'W7ARA', 'GRAND CANYON/SOUTH RIM'),
	(189, 'W7ARA', 'GREEN VALLEY'),
	(190, 'W7ARA', 'MESA'),
	(191, 'W7ARA', 'NAHATEE'),
	(192, 'W7ARA', 'NAHATEE'),
	(193, 'W7ARA', 'PINAL PEAK'),
	(194, 'W7ARA', 'PORTABLE REPEATER'),
	(195, 'W7ARA', 'SMITH PK'),
	(196, 'W7ARA', 'TUCSON'),
	(197, 'W7ARA', 'TUCSON'),
	(198, 'W7ATV', 'PHOENIX'),
	(199, 'W7ATV', 'PHOENIX'),
	(200, 'W7BSA', 'PHOENIX'),
	(201, 'W7BSA', 'PHOENIX'),
	(202, 'W7EI', 'GREENS PEAK'),
	(203, 'W7EI', 'MINGUS MOUNTAIN'),
	(204, 'W7EX', 'GREENS PEAK'),
	(205, 'W7EX', 'GREENS PEAK'),
	(206, 'W7EX', 'GREENS PEAK'),
	(207, 'W7EX', 'PHOENIX'),
	(208, 'W7EX', 'VAIL'),
	(209, 'W7EX', 'WHITE TANKS'),
	(210, 'W7GAA', 'BULLHEAD'),
	(211, 'W7GAA', 'HELIOGRAPH PEAK'),
	(212, 'W7GAA', 'MT BENEDICT'),
	(213, 'W7GAA', 'TELEGRAPH PASS'),
	(214, 'W7IBM', 'HELIOGRAPH PEAK'),
	(215, 'W7IBM', 'TUCSON'),
	(216, 'W7IFH', 'HOLBROOK'),
	(217, 'W7IFH', 'THOMPSON PK'),
	(218, 'W7JHQ', 'HOPI PT/GRAND CANYON'),
	(219, 'W7JHQ', 'SUN CITY'),
	(220, 'W7MDY', 'HUALAPAI MTN/HAYDEN PK'),
	(221, 'W7MDY', 'HUALAPAI MTN/HAYDEN PK'),
	(222, 'W7MDY', 'HUALAPAI MTN/HAYDEN PK'),
	(223, 'W7MDY', 'MT ORD'),
	(224, 'W7MDY', 'MT ORD'),
	(225, 'W7MDY', 'MT ORD'),
	(226, 'W7MOT', 'HUALAPAI MTN/HAYDEN PK'),
	(227, 'W7MOT', 'SCOTTSDALE'),
	(228, 'W7MOT-21', 'SO MTN'),
	(229, 'W7MOT-33', 'SCOTTSDALE'),
	(230, 'W7MOT-52', 'EAST PHOENIX'),
	(231, 'W7MOT-52', 'PORTER MTN'),
	(232, 'W7MOT-52', 'TUCSON'),
	(233, 'W7NFL', 'TUCSON'),
	(234, 'W7QHC', 'WILDFLOWER MTN'),
	(235, 'W7SA', 'TUCSON'),
	(236, 'W7TBC', 'PHOENIX'),
	(237, 'W7UXZ', 'PHOENIX'),
	(238, 'W7WGW', 'TUCSON'),
	(239, 'WA6SVT', 'BUCKEYE'),
	(240, 'WA6SVT', 'MT BENEDICT'),
	(241, 'WA6SVT', 'SIERRA VISTA'),
	(242, 'WA7APE', 'SCOTTSDALE'),
	(243, 'WA7HUH', 'SIGNAL PEAK'),
	(244, 'WA7RAT', 'PARKER'),
	(245, 'WA7UID', 'PHOENIX'),
	(246, 'WA7ZZT', 'SCOTTSDALE AIR PARK'),
	(247, 'WB6RUF', 'KINGMAN'),
	(248, 'WB6UFQ', 'LAKE HAVASU CITY'),
	(249, 'WB6UFQ', 'TUCSON'),
	(250, 'WB7BYV', 'MINGUS MTN.'),
	(251, 'WB7BYV', 'PRESCOTT'),
	(252, 'WB7BYV', 'PRESCOTT'),
	(253, 'WB7EVI', 'SHAW BUTTE'),
	(254, 'WB7FIK', 'QUARTZSITE'),
	(255, 'WB7TJD', 'EAST MESA'),
	(256, 'WB7TJD', 'EASTERN MESA'),
	(257, 'WB7TJD', 'PINAL PK'),
	(258, 'WB7TJD', 'PRESCOTT'),
	(259, 'WB7TJD', 'TUCSON'),
	(260, 'WB7TJD', 'TUCSON'),
	(261, 'WB7TUJ', 'MESA'),
	(262, 'WB7TUJ', 'MESA'),
	(263, 'WD7F', 'TUCSON'),
	(264, 'WE7GV', 'ELEPHANT HEAD PEAK'),
	(265, 'WNG548', 'SHOW LOW'),
	(266, 'WNG703', 'NOGALES'),
	(267, 'WQKB321', 'GLENDALE'),
	(268, 'WW7CPU', 'CHANDLER'),
	(269, 'WW7CPU', 'CHANDLER'),
	(270, 'WW7CPU', 'DEL WEBB HOSPITAL'),
	(271, 'WW7CPU', 'DOLAN SPRINGS'),
	(272, 'WW7CPU', 'MULE MTN/BISBEE'),
	(273, 'WW7CPU', 'MULE MTN/BISBEE'),
	(274, 'WW7CPU', 'PAGE'),
	(275, 'WW7CPU', 'PHOENIX'),
	(276, 'WW7CPU', 'TUCSON'),
	(277, 'WW7CPU', 'TUCSON'),
	(278, 'WW7CPU', 'TUCSON'),
	(279, 'WW7CPU', 'TUCSON'),
	(280, 'WWF52', 'GRAND CANYON'),
	(281, 'WWF98', 'PRESCOTT'),
	(282, 'WWF99', 'WINDOW ROCK'),
	(283, 'WWG41', 'PAYSON GILA COUNTY N.'),
	(284, 'WWG42', 'GLOBE GILA COUNTY S.'),
	(285, 'WXK76', 'FLAGSTAFF'),
	(286, 'WXL30', 'TUCSON'),
	(287, 'XE2DNN', 'NOGALES SONORA');
/*!40000 ALTER TABLE `citta` ENABLE KEYS */;


-- Dump della struttura di tabella pontiradio.copertura
CREATE TABLE IF NOT EXISTS `copertura` (
  `idPonte` int(11) NOT NULL,
  `idCitta` int(11) NOT NULL,
  PRIMARY KEY (`idPonte`,`idCitta`),
  KEY `FK_copertura_citta` (`idCitta`),
  CONSTRAINT `FK_copertura_ponte` FOREIGN KEY (`idPonte`) REFERENCES `ponte` (`idPonte`),
  CONSTRAINT `FK_copertura_citta` FOREIGN KEY (`idCitta`) REFERENCES `citta` (`idCitta`)
) ENGINE=InnoDB DEFAULT CHARSET=utf8;

-- Dump dei dati della tabella pontiradio.copertura: ~1.663 rows (circa)
DELETE FROM `copertura`;
/*!40000 ALTER TABLE `copertura` DISABLE KEYS */;
INSERT INTO `copertura` (`idPonte`, `idCitta`) VALUES
	(50, 1),
	(219, 2),
	(220, 3),
	(2, 4),
	(3, 4),
	(74, 4),
	(75, 4),
	(175, 4),
	(177, 4),
	(2, 5),
	(3, 5),
	(74, 5),
	(75, 5),
	(175, 5),
	(177, 5),
	(2, 6),
	(3, 6),
	(74, 6),
	(75, 6),
	(175, 6),
	(177, 6),
	(2, 7),
	(3, 7),
	(74, 7),
	(75, 7),
	(175, 7),
	(177, 7),
	(2, 8),
	(3, 8),
	(74, 8),
	(75, 8),
	(175, 8),
	(177, 8),
	(2, 9),
	(3, 9),
	(74, 9),
	(75, 9),
	(175, 9),
	(177, 9),
	(42, 10),
	(182, 11),
	(86, 12),
	(221, 13),
	(81, 14),
	(206, 15),
	(87, 16),
	(54, 17),
	(156, 17),
	(54, 18),
	(156, 18),
	(222, 19),
	(118, 23),
	(279, 24),
	(203, 25),
	(214, 26),
	(71, 27),
	(101, 28),
	(36, 29),
	(6, 30),
	(80, 30),
	(189, 30),
	(6, 31),
	(80, 31),
	(189, 31),
	(6, 32),
	(80, 32),
	(189, 32),
	(7, 33),
	(100, 33),
	(192, 33),
	(7, 34),
	(100, 34),
	(192, 34),
	(7, 35),
	(100, 35),
	(192, 35),
	(82, 36),
	(224, 37),
	(225, 38),
	(226, 38),
	(227, 38),
	(228, 38),
	(229, 38),
	(230, 38),
	(231, 38),
	(225, 39),
	(226, 39),
	(227, 39),
	(228, 39),
	(229, 39),
	(230, 39),
	(231, 39),
	(225, 40),
	(226, 40),
	(227, 40),
	(228, 40),
	(229, 40),
	(230, 40),
	(231, 40),
	(225, 41),
	(226, 41),
	(227, 41),
	(228, 41),
	(229, 41),
	(230, 41),
	(231, 41),
	(225, 42),
	(226, 42),
	(227, 42),
	(228, 42),
	(229, 42),
	(230, 42),
	(231, 42),
	(225, 43),
	(226, 43),
	(227, 43),
	(228, 43),
	(229, 43),
	(230, 43),
	(231, 43),
	(225, 44),
	(226, 44),
	(227, 44),
	(228, 44),
	(229, 44),
	(230, 44),
	(231, 44),
	(232, 45),
	(102, 46),
	(120, 46),
	(102, 47),
	(120, 47),
	(20, 48),
	(33, 48),
	(126, 48),
	(263, 48),
	(20, 49),
	(33, 49),
	(126, 49),
	(263, 49),
	(20, 50),
	(33, 50),
	(126, 50),
	(263, 50),
	(20, 51),
	(33, 51),
	(126, 51),
	(263, 51),
	(77, 52),
	(211, 53),
	(107, 54),
	(233, 55),
	(234, 55),
	(233, 56),
	(234, 56),
	(286, 57),
	(176, 58),
	(183, 59),
	(167, 60),
	(208, 61),
	(69, 62),
	(235, 63),
	(236, 71),
	(237, 71),
	(238, 71),
	(236, 72),
	(237, 72),
	(238, 72),
	(236, 73),
	(237, 73),
	(238, 73),
	(140, 74),
	(239, 75),
	(85, 76),
	(27, 77),
	(154, 77),
	(270, 77),
	(276, 77),
	(27, 78),
	(154, 78),
	(270, 78),
	(276, 78),
	(27, 79),
	(154, 79),
	(270, 79),
	(276, 79),
	(27, 80),
	(154, 80),
	(270, 80),
	(276, 80),
	(287, 81),
	(277, 82),
	(278, 82),
	(277, 83),
	(278, 83),
	(157, 84),
	(37, 85),
	(38, 85),
	(37, 86),
	(38, 86),
	(24, 87),
	(51, 87),
	(130, 87),
	(164, 87),
	(267, 87),
	(24, 88),
	(51, 88),
	(130, 88),
	(164, 88),
	(267, 88),
	(24, 89),
	(51, 89),
	(130, 89),
	(164, 89),
	(267, 89),
	(24, 90),
	(51, 90),
	(130, 90),
	(164, 90),
	(267, 90),
	(24, 91),
	(51, 91),
	(130, 91),
	(164, 91),
	(267, 91),
	(88, 92),
	(89, 92),
	(90, 92),
	(91, 92),
	(92, 92),
	(93, 92),
	(88, 93),
	(89, 93),
	(90, 93),
	(91, 93),
	(92, 93),
	(93, 93),
	(88, 94),
	(89, 94),
	(90, 94),
	(91, 94),
	(92, 94),
	(93, 94),
	(88, 95),
	(89, 95),
	(90, 95),
	(91, 95),
	(92, 95),
	(93, 95),
	(88, 96),
	(89, 96),
	(90, 96),
	(91, 96),
	(92, 96),
	(93, 96),
	(88, 97),
	(89, 97),
	(90, 97),
	(91, 97),
	(92, 97),
	(93, 97),
	(141, 99),
	(44, 101),
	(142, 102),
	(1, 103),
	(68, 103),
	(174, 103),
	(1, 104),
	(68, 104),
	(174, 104),
	(1, 105),
	(68, 105),
	(174, 105),
	(83, 106),
	(103, 107),
	(240, 108),
	(5, 109),
	(13, 109),
	(79, 109),
	(113, 109),
	(181, 109),
	(256, 109),
	(5, 110),
	(13, 110),
	(79, 110),
	(113, 110),
	(181, 110),
	(256, 110),
	(5, 111),
	(13, 111),
	(79, 111),
	(113, 111),
	(181, 111),
	(256, 111),
	(5, 112),
	(13, 112),
	(79, 112),
	(113, 112),
	(181, 112),
	(256, 112),
	(5, 113),
	(13, 113),
	(79, 113),
	(113, 113),
	(181, 113),
	(256, 113),
	(5, 114),
	(13, 114),
	(79, 114),
	(113, 114),
	(181, 114),
	(256, 114),
	(241, 115),
	(207, 116),
	(59, 117),
	(180, 118),
	(72, 119),
	(78, 120),
	(16, 121),
	(19, 121),
	(25, 121),
	(28, 121),
	(122, 121),
	(125, 121),
	(133, 121),
	(162, 121),
	(213, 121),
	(259, 121),
	(262, 121),
	(268, 121),
	(272, 121),
	(16, 122),
	(19, 122),
	(25, 122),
	(28, 122),
	(122, 122),
	(125, 122),
	(133, 122),
	(162, 122),
	(213, 122),
	(259, 122),
	(262, 122),
	(268, 122),
	(272, 122),
	(16, 123),
	(19, 123),
	(25, 123),
	(28, 123),
	(122, 123),
	(125, 123),
	(133, 123),
	(162, 123),
	(213, 123),
	(259, 123),
	(262, 123),
	(268, 123),
	(272, 123),
	(16, 124),
	(19, 124),
	(25, 124),
	(28, 124),
	(122, 124),
	(125, 124),
	(133, 124),
	(162, 124),
	(213, 124),
	(259, 124),
	(262, 124),
	(268, 124),
	(272, 124),
	(16, 125),
	(19, 125),
	(25, 125),
	(28, 125),
	(122, 125),
	(125, 125),
	(133, 125),
	(162, 125),
	(213, 125),
	(259, 125),
	(262, 125),
	(268, 125),
	(272, 125),
	(16, 126),
	(19, 126),
	(25, 126),
	(28, 126),
	(122, 126),
	(125, 126),
	(133, 126),
	(162, 126),
	(213, 126),
	(259, 126),
	(262, 126),
	(268, 126),
	(272, 126),
	(16, 127),
	(19, 127),
	(25, 127),
	(28, 127),
	(122, 127),
	(125, 127),
	(133, 127),
	(162, 127),
	(213, 127),
	(259, 127),
	(262, 127),
	(268, 127),
	(272, 127),
	(16, 128),
	(19, 128),
	(25, 128),
	(28, 128),
	(122, 128),
	(125, 128),
	(133, 128),
	(162, 128),
	(213, 128),
	(259, 128),
	(262, 128),
	(268, 128),
	(272, 128),
	(16, 129),
	(19, 129),
	(25, 129),
	(28, 129),
	(122, 129),
	(125, 129),
	(133, 129),
	(162, 129),
	(213, 129),
	(259, 129),
	(262, 129),
	(268, 129),
	(272, 129),
	(16, 130),
	(19, 130),
	(25, 130),
	(28, 130),
	(122, 130),
	(125, 130),
	(133, 130),
	(162, 130),
	(213, 130),
	(259, 130),
	(262, 130),
	(268, 130),
	(272, 130),
	(16, 131),
	(19, 131),
	(25, 131),
	(28, 131),
	(122, 131),
	(125, 131),
	(133, 131),
	(162, 131),
	(213, 131),
	(259, 131),
	(262, 131),
	(268, 131),
	(272, 131),
	(16, 132),
	(19, 132),
	(25, 132),
	(28, 132),
	(122, 132),
	(125, 132),
	(133, 132),
	(162, 132),
	(213, 132),
	(259, 132),
	(262, 132),
	(268, 132),
	(272, 132),
	(16, 133),
	(19, 133),
	(25, 133),
	(28, 133),
	(122, 133),
	(125, 133),
	(133, 133),
	(162, 133),
	(213, 133),
	(259, 133),
	(262, 133),
	(268, 133),
	(272, 133),
	(195, 134),
	(196, 134),
	(197, 134),
	(198, 134),
	(199, 134),
	(195, 135),
	(196, 135),
	(197, 135),
	(198, 135),
	(199, 135),
	(195, 136),
	(196, 136),
	(197, 136),
	(198, 136),
	(199, 136),
	(195, 137),
	(196, 137),
	(197, 137),
	(198, 137),
	(199, 137),
	(195, 138),
	(196, 138),
	(197, 138),
	(198, 138),
	(199, 138),
	(242, 139),
	(243, 140),
	(23, 141),
	(52, 141),
	(129, 141),
	(266, 141),
	(23, 142),
	(52, 142),
	(129, 142),
	(266, 142),
	(23, 143),
	(52, 143),
	(129, 143),
	(266, 143),
	(23, 144),
	(52, 144),
	(129, 144),
	(266, 144),
	(41, 145),
	(158, 146),
	(35, 147),
	(209, 148),
	(119, 149),
	(244, 149),
	(245, 149),
	(119, 150),
	(244, 150),
	(245, 150),
	(119, 151),
	(244, 151),
	(245, 151),
	(246, 152),
	(143, 153),
	(40, 154),
	(94, 154),
	(159, 154),
	(40, 155),
	(94, 155),
	(159, 155),
	(40, 156),
	(94, 156),
	(159, 156),
	(168, 157),
	(70, 158),
	(112, 159),
	(247, 159),
	(112, 160),
	(247, 160),
	(248, 161),
	(144, 162),
	(136, 163),
	(145, 164),
	(95, 165),
	(160, 165),
	(95, 166),
	(160, 166),
	(96, 167),
	(8, 168),
	(14, 168),
	(105, 168),
	(114, 168),
	(179, 168),
	(193, 168),
	(257, 168),
	(282, 168),
	(8, 169),
	(14, 169),
	(105, 169),
	(114, 169),
	(179, 169),
	(193, 169),
	(257, 169),
	(282, 169),
	(8, 170),
	(14, 170),
	(105, 170),
	(114, 170),
	(179, 170),
	(193, 170),
	(257, 170),
	(282, 170),
	(8, 171),
	(14, 171),
	(105, 171),
	(114, 171),
	(179, 171),
	(193, 171),
	(257, 171),
	(282, 171),
	(8, 172),
	(14, 172),
	(105, 172),
	(114, 172),
	(179, 172),
	(193, 172),
	(257, 172),
	(282, 172),
	(8, 173),
	(14, 173),
	(105, 173),
	(114, 173),
	(179, 173),
	(193, 173),
	(257, 173),
	(282, 173),
	(8, 174),
	(14, 174),
	(105, 174),
	(114, 174),
	(179, 174),
	(193, 174),
	(257, 174),
	(282, 174),
	(8, 175),
	(14, 175),
	(105, 175),
	(114, 175),
	(179, 175),
	(193, 175),
	(257, 175),
	(282, 175),
	(11, 176),
	(15, 176),
	(110, 176),
	(121, 176),
	(217, 176),
	(258, 176),
	(11, 177),
	(15, 177),
	(110, 177),
	(121, 177),
	(217, 177),
	(258, 177),
	(11, 178),
	(15, 178),
	(110, 178),
	(121, 178),
	(217, 178),
	(258, 178),
	(11, 179),
	(15, 179),
	(110, 179),
	(121, 179),
	(217, 179),
	(258, 179),
	(11, 180),
	(15, 180),
	(110, 180),
	(121, 180),
	(217, 180),
	(258, 180),
	(11, 181),
	(15, 181),
	(110, 181),
	(121, 181),
	(217, 181),
	(258, 181),
	(184, 182),
	(216, 183),
	(200, 184),
	(185, 185),
	(21, 186),
	(22, 186),
	(49, 186),
	(53, 186),
	(97, 186),
	(127, 186),
	(128, 186),
	(161, 186),
	(165, 186),
	(204, 186),
	(264, 186),
	(265, 186),
	(21, 187),
	(22, 187),
	(49, 187),
	(53, 187),
	(97, 187),
	(127, 187),
	(128, 187),
	(161, 187),
	(165, 187),
	(204, 187),
	(264, 187),
	(265, 187),
	(21, 188),
	(22, 188),
	(49, 188),
	(53, 188),
	(97, 188),
	(127, 188),
	(128, 188),
	(161, 188),
	(165, 188),
	(204, 188),
	(264, 188),
	(265, 188),
	(21, 189),
	(22, 189),
	(49, 189),
	(53, 189),
	(97, 189),
	(127, 189),
	(128, 189),
	(161, 189),
	(165, 189),
	(204, 189),
	(264, 189),
	(265, 189),
	(21, 190),
	(22, 190),
	(49, 190),
	(53, 190),
	(97, 190),
	(127, 190),
	(128, 190),
	(161, 190),
	(165, 190),
	(204, 190),
	(264, 190),
	(265, 190),
	(21, 191),
	(22, 191),
	(49, 191),
	(53, 191),
	(97, 191),
	(127, 191),
	(128, 191),
	(161, 191),
	(165, 191),
	(204, 191),
	(264, 191),
	(265, 191),
	(21, 192),
	(22, 192),
	(49, 192),
	(53, 192),
	(97, 192),
	(127, 192),
	(128, 192),
	(161, 192),
	(165, 192),
	(204, 192),
	(264, 192),
	(265, 192),
	(21, 193),
	(22, 193),
	(49, 193),
	(53, 193),
	(97, 193),
	(127, 193),
	(128, 193),
	(161, 193),
	(165, 193),
	(204, 193),
	(264, 193),
	(265, 193),
	(21, 194),
	(22, 194),
	(49, 194),
	(53, 194),
	(97, 194),
	(127, 194),
	(128, 194),
	(161, 194),
	(165, 194),
	(204, 194),
	(264, 194),
	(265, 194),
	(21, 195),
	(22, 195),
	(49, 195),
	(53, 195),
	(97, 195),
	(127, 195),
	(128, 195),
	(161, 195),
	(165, 195),
	(204, 195),
	(264, 195),
	(265, 195),
	(21, 196),
	(22, 196),
	(49, 196),
	(53, 196),
	(97, 196),
	(127, 196),
	(128, 196),
	(161, 196),
	(165, 196),
	(204, 196),
	(264, 196),
	(265, 196),
	(21, 197),
	(22, 197),
	(49, 197),
	(53, 197),
	(97, 197),
	(127, 197),
	(128, 197),
	(161, 197),
	(165, 197),
	(204, 197),
	(264, 197),
	(265, 197),
	(146, 198),
	(147, 198),
	(146, 199),
	(147, 199),
	(148, 200),
	(149, 200),
	(148, 201),
	(149, 201),
	(55, 202),
	(104, 202),
	(55, 203),
	(104, 203),
	(56, 204),
	(57, 204),
	(58, 204),
	(150, 204),
	(281, 204),
	(283, 204),
	(56, 205),
	(57, 205),
	(58, 205),
	(150, 205),
	(281, 205),
	(283, 205),
	(56, 206),
	(57, 206),
	(58, 206),
	(150, 206),
	(281, 206),
	(283, 206),
	(56, 207),
	(57, 207),
	(58, 207),
	(150, 207),
	(281, 207),
	(283, 207),
	(56, 208),
	(57, 208),
	(58, 208),
	(150, 208),
	(281, 208),
	(283, 208),
	(56, 209),
	(57, 209),
	(58, 209),
	(150, 209),
	(281, 209),
	(283, 209),
	(10, 210),
	(60, 210),
	(109, 210),
	(212, 210),
	(10, 211),
	(60, 211),
	(109, 211),
	(212, 211),
	(10, 212),
	(60, 212),
	(109, 212),
	(212, 212),
	(10, 213),
	(60, 213),
	(109, 213),
	(212, 213),
	(61, 214),
	(249, 214),
	(61, 215),
	(249, 215),
	(62, 216),
	(215, 216),
	(62, 217),
	(215, 217),
	(63, 218),
	(210, 218),
	(63, 219),
	(210, 219),
	(64, 220),
	(65, 220),
	(66, 220),
	(115, 220),
	(116, 220),
	(117, 220),
	(64, 221),
	(65, 221),
	(66, 221),
	(115, 221),
	(116, 221),
	(117, 221),
	(64, 222),
	(65, 222),
	(66, 222),
	(115, 222),
	(116, 222),
	(117, 222),
	(64, 223),
	(65, 223),
	(66, 223),
	(115, 223),
	(116, 223),
	(117, 223),
	(64, 224),
	(65, 224),
	(66, 224),
	(115, 224),
	(116, 224),
	(117, 224),
	(64, 225),
	(65, 225),
	(66, 225),
	(115, 225),
	(116, 225),
	(117, 225),
	(67, 226),
	(186, 226),
	(67, 227),
	(186, 227),
	(205, 228),
	(187, 229),
	(31, 230),
	(166, 230),
	(274, 230),
	(31, 231),
	(166, 231),
	(274, 231),
	(31, 232),
	(166, 232),
	(274, 232),
	(250, 233),
	(284, 234),
	(251, 235),
	(151, 236),
	(152, 237),
	(252, 238),
	(9, 239),
	(108, 239),
	(201, 239),
	(9, 240),
	(108, 240),
	(201, 240),
	(9, 241),
	(108, 241),
	(201, 241),
	(188, 242),
	(202, 243),
	(135, 244),
	(190, 246),
	(73, 247),
	(84, 248),
	(84, 249),
	(106, 250),
	(169, 250),
	(170, 250),
	(106, 251),
	(169, 251),
	(170, 251),
	(106, 252),
	(169, 252),
	(170, 252),
	(191, 253),
	(173, 254),
	(30, 255),
	(32, 255),
	(163, 255),
	(172, 255),
	(273, 255),
	(275, 255),
	(30, 256),
	(32, 256),
	(163, 256),
	(172, 256),
	(273, 256),
	(275, 256),
	(30, 257),
	(32, 257),
	(163, 257),
	(172, 257),
	(273, 257),
	(275, 257),
	(30, 258),
	(32, 258),
	(163, 258),
	(172, 258),
	(273, 258),
	(275, 258),
	(30, 259),
	(32, 259),
	(163, 259),
	(172, 259),
	(273, 259),
	(275, 259),
	(30, 260),
	(32, 260),
	(163, 260),
	(172, 260),
	(273, 260),
	(275, 260),
	(98, 261),
	(99, 261),
	(98, 262),
	(99, 262),
	(254, 263),
	(34, 264),
	(194, 265),
	(131, 266),
	(45, 267),
	(17, 268),
	(18, 268),
	(26, 268),
	(29, 268),
	(123, 268),
	(124, 268),
	(134, 268),
	(155, 268),
	(260, 268),
	(261, 268),
	(269, 268),
	(271, 268),
	(17, 269),
	(18, 269),
	(26, 269),
	(29, 269),
	(123, 269),
	(124, 269),
	(134, 269),
	(155, 269),
	(260, 269),
	(261, 269),
	(269, 269),
	(271, 269),
	(17, 270),
	(18, 270),
	(26, 270),
	(29, 270),
	(123, 270),
	(124, 270),
	(134, 270),
	(155, 270),
	(260, 270),
	(261, 270),
	(269, 270),
	(271, 270),
	(17, 271),
	(18, 271),
	(26, 271),
	(29, 271),
	(123, 271),
	(124, 271),
	(134, 271),
	(155, 271),
	(260, 271),
	(261, 271),
	(269, 271),
	(271, 271),
	(17, 272),
	(18, 272),
	(26, 272),
	(29, 272),
	(123, 272),
	(124, 272),
	(134, 272),
	(155, 272),
	(260, 272),
	(261, 272),
	(269, 272),
	(271, 272),
	(17, 273),
	(18, 273),
	(26, 273),
	(29, 273),
	(123, 273),
	(124, 273),
	(134, 273),
	(155, 273),
	(260, 273),
	(261, 273),
	(269, 273),
	(271, 273),
	(17, 274),
	(18, 274),
	(26, 274),
	(29, 274),
	(123, 274),
	(124, 274),
	(134, 274),
	(155, 274),
	(260, 274),
	(261, 274),
	(269, 274),
	(271, 274),
	(17, 275),
	(18, 275),
	(26, 275),
	(29, 275),
	(123, 275),
	(124, 275),
	(134, 275),
	(155, 275),
	(260, 275),
	(261, 275),
	(269, 275),
	(271, 275),
	(17, 276),
	(18, 276),
	(26, 276),
	(29, 276),
	(123, 276),
	(124, 276),
	(134, 276),
	(155, 276),
	(260, 276),
	(261, 276),
	(269, 276),
	(271, 276),
	(17, 277),
	(18, 277),
	(26, 277),
	(29, 277),
	(123, 277),
	(124, 277),
	(134, 277),
	(155, 277),
	(260, 277),
	(261, 277),
	(269, 277),
	(271, 277),
	(17, 278),
	(18, 278),
	(26, 278),
	(29, 278),
	(123, 278),
	(124, 278),
	(134, 278),
	(155, 278),
	(260, 278),
	(261, 278),
	(269, 278),
	(271, 278),
	(17, 279),
	(18, 279),
	(26, 279),
	(29, 279),
	(123, 279),
	(124, 279),
	(134, 279),
	(155, 279),
	(260, 279),
	(261, 279),
	(269, 279),
	(271, 279),
	(48, 280),
	(171, 281),
	(285, 282),
	(137, 283),
	(46, 284),
	(39, 285),
	(255, 286),
	(132, 287);
/*!40000 ALTER TABLE `copertura` ENABLE KEYS */;


-- Dump della struttura di tabella pontiradio.ponte
CREATE TABLE IF NOT EXISTS `ponte` (
  `idPonte` int(11) NOT NULL,
  `output` varchar(50) NOT NULL,
  `call` varchar(10) NOT NULL,
  `pl` float DEFAULT NULL,
  `comments` varchar(50) DEFAULT NULL,
  PRIMARY KEY (`idPonte`)
) ENGINE=InnoDB DEFAULT CHARSET=utf8;

-- Dump dei dati della tabella pontiradio.ponte: ~227 rows (circa)
DELETE FROM `ponte`;
/*!40000 ALTER TABLE `ponte` DISABLE KEYS */;
INSERT INTO `ponte` (`idPonte`, `output`, `call`, `pl`, `comments`) VALUES
	(1, '145.310 -', 'KF7LA', 100, 'Located on Child Mountain. Good coverage for the A'),
	(2, '146.980 -', 'AI7R', 162.2, 'Located on top of Bell Butte in Tempe...'),
	(3, '447.750 -', 'AI7R', 100, 'Located on top of Bell Butte in Tempe...'),
	(4, '447.325 -', 'kb7obj', 0, ''),
	(5, '448.825 -', 'KJ7YM', 0, ''),
	(6, '146.780 -', 'K7NAZ', 91.5, 'Bill Williams Mtn Radio Club IRLP Node 3178...'),
	(7, '146.76 -', 'K7RDG', 162.2, 'Cochise Amateur Radio Association (CARA)...'),
	(8, '449.05 -', 'N7ULY', 0, ''),
	(9, '1253.25 +', 'WA6SVT', 0, 'Open ATV repeater FM input 2441.5 MHz Location is '),
	(10, '145.17 +', 'W7GAA', 131.8, 'Sponsor - WARC.'),
	(11, '145.17 -', 'W0HF', 0, ''),
	(12, '447.325 -', 'kb7obj', 131.8, 'Will be linked to 449.575 and 145.330...'),
	(13, '446.825 -', 'KJ7YM', 88.5, ''),
	(14, '447.725 -', 'N7ULY', 100, 'Great HT Coverage from Chandler, Casa Grande, Flor'),
	(15, '440.400 +', 'W0HF', 156.7, 'Wide area repeater of the Oro Valley Amateur Radio'),
	(16, '448.450 -', 'N0FPE', 136.5, ''),
	(17, '145.450 -', 'WW7CPU', 162.2, 'Intel ARC IRLP node removed 2011. Working on a rep'),
	(18, '448.950 -', 'WW7CPU', 100, 'IRLP node: 5430'),
	(19, '927.7125 -', 'N0FPE', 151.4, 'CO-Owned by N?FPE and KC5CAY. ...'),
	(20, '224.940 -', 'K7ZWI', 156.7, 'Great HT coverage as far east as Mesa...'),
	(21, '146.64 -', 'W7ARA', 162.2, ''),
	(22, '444.300 +', 'W7ARA', 100, 'ARA IRLP Node 7620 Echolink node 474525...'),
	(23, '442.600 +', 'N1KQ', 100, 'Has a receiver problem audio clipping! repeater st'),
	(24, '443.000 -', 'KD7LEN', 100, ''),
	(25, '145.21 -', 'N0FPE', 0, ''),
	(26, '147.3 +', 'WW7CPU', 162.2, 'WVARC'),
	(27, '147.300 +', 'KC7KLC', 162.2, 'Click for Website'),
	(28, '147.22 +', 'N0FPE', 0, ''),
	(29, '147.1 +', 'WW7CPU', 0, ''),
	(30, '449.600 -', 'WB7TJD', 100, 'Click for Website'),
	(31, '442.050 +', 'W7MOT-52', 100, 'MARCA Site # 52 at the On-Semi plant 52nd St & McD'),
	(32, '147.120 +', 'WB7TJD', 162.2, 'Hard Linked to 449.600 and rf linked to 449.200 re'),
	(33, '146.94 -', 'K7ZWI', 0, ''),
	(34, '449.375 -', 'WE7GV', 107.2, 'This is part of the WIN repeater system....'),
	(35, '448.525 -', 'N7DJR', 127.3, 'Recently relocated to Eloy In memory of James Jone'),
	(36, '145.410 -', 'K7NAU', 151.4, ''),
	(37, '145.270 -', 'KD7IC', 0, 'Open system Emergency Power Mormon Mt. Elevation a'),
	(38, '449.600 -', 'KD7IC', 162.2, 'Click for Website'),
	(39, '162.4', 'WXK76', 0, 'NOAA Weather - Supplied by NOAA,...'),
	(40, '447.775 -', 'N7MK', 110.9, ''),
	(41, '146.62 -', 'N7ACS', 103.5, 'Yuma ARC and located on Mohawk pass and that is in'),
	(42, '449.825 -', 'AJ7T', 100, 'Click for Website'),
	(43, '449.575 -', 'kb7obj', 100, 'i have had this frequency for over 2 years after P'),
	(44, '446.600 -', 'KF6QBW/R', 103.5, 'Allstarlink Node 28839 Echolink 828611 Winsystem A'),
	(45, '462.675 +', 'WQKB321', 141.3, 'GMRS Repeater. Open to licensed GMRS users. ...'),
	(46, '162.5', 'WWG42', 0, 'NOAA Weather - Supplied by NOAA,...'),
	(47, '224.96 -', 'kf6lcc', 103.5, 'Low level coverage. Looking for a contact so I can'),
	(48, '162.475', 'WWF52', 0, 'NOAA Weather - Supplied by NOAA,...'),
	(49, '442.075 +', 'W7ARA', 0, ''),
	(50, '449.225 -', 'AA7RP', 107.2, 'Allstar, EchoLink & IRLP Node, WIN System Affiliat'),
	(51, '449.35 -', 'KD7LEN', 156.7, ''),
	(52, '145.43 -', 'N1KQ', 0, ''),
	(53, '145.29 -', 'W7ARA', 0, ''),
	(54, '146.700 -', 'K7EAR', 162.2, 'EAARS'),
	(55, '146.61 -', 'W7EI', 88.5, ''),
	(56, '224.9 -', 'W7EX', 0, ''),
	(57, '441.825 +', 'W7EX', 0, ''),
	(58, '449.35 -', 'W7EX', 0, ''),
	(59, '162.525', 'KXI23', 0, 'NOAA Weather - Supplied by NOAA,...'),
	(60, '146.9 -', 'W7GAA', 0, ''),
	(61, '447.825 -', 'W7IBM', 0, ''),
	(62, '146.68 -', 'W7IFH', 0, ''),
	(63, '147.32 +', 'W7JHQ', 0, ''),
	(64, '146.76 -', 'W7MDY', 0, ''),
	(65, '448 -', 'W7MDY', 0, ''),
	(66, '448.25 -', 'W7MDY', 131.8, ''),
	(67, '449.475 -', 'W7MOT', 0, ''),
	(68, '147.3 +', 'KF7LA', 0, ''),
	(69, '147.000 +', 'KB7CN', 162.2, 'Repeater is located on Mingus Mountain close to Je'),
	(70, '145.210 -', 'N7NRE', 0, 'FOR AUTO PATCH UP DIAL A1 DOWN A0. HAS NATI...'),
	(71, '448.550 -', 'K7MPR', 123, 'The MOHAVE AMATURE RADIO CLUB been here for 7+year'),
	(72, '162.425', 'KXI83', 0, 'NOAA Weather - Supplied by NOAA,...'),
	(73, '224.880 -', 'WB6RUF', 156.7, 'Eastern most port of the Condor Connection. Hayden'),
	(74, '146.76 -', 'AI7R', 131.8, ''),
	(75, '147.16 +', 'AI7R', 131.8, ''),
	(76, '448.25', 'kb7obj', 131.8, ''),
	(77, '927.4750 -', 'KA3IDN', 0, 'DPL 532, will link to Las Vegas And CA...'),
	(78, '162.4', 'KXI84', 0, 'NOAA Weather - Supplied by NOAA,...'),
	(79, '146.61 -', 'KJ7YM', 0, ''),
	(80, '146.9 -', 'K7NAZ', 0, ''),
	(81, '449.125 -', 'K6PNG', 67, 'Repeater is connected to the WIN System....'),
	(82, '146.620 -5', 'K7RLW', 131.8, 'Click for Website'),
	(83, '224.240 -', 'KF7X', 156.7, 'linked to 146.960 and 449.950 ,all in lake havasu '),
	(84, '146.96 -', 'WB6UFQ', 162.2, 'Updated 8/31/98'),
	(85, '448.000 -', 'KC7CPB', 100, 'Linked to K7ICU Repeater in N. Tucson. Coverage ex'),
	(86, '146.860 -', 'K4CSD', 162.2, 'City of Mesa Communications Dept....'),
	(87, '146.720 -', 'K7DAD', 100, 'Mercury Amateur Radio Assc. open (480) only auto p'),
	(88, '145.125 -', 'KE7JFH', 0, 'Usery Pass, D-Star DV, Gateway, Emerg Power, DPRS.'),
	(89, '445.8375 -', 'KE7JFH', 0, 'DMR. TS1= MARC TS2= local'),
	(90, '445.975 -', 'KE7JFH', 0, 'Usery Pass, D-Star DV, Gateway, Emerg Power, DPRS.'),
	(91, '448.7250 -', 'KE7JFH', 110.9, 'P-25/mixed mode; EMRG PWR 110.9 [NAC293]...'),
	(92, '1285.650 -', 'KE7JFH', 0, 'Usery Pass, D-Star DV, Gateway, Emerg Power, DPRS.'),
	(93, '1297.500 S', 'KE7JFH', 0, 'Usery Pass, D-Star DD, Gateway, Emerg Power...'),
	(94, '927.4625 -', 'N7MK', 151.4, 'EMRG PWR, Linked to 1.2 and 222...'),
	(95, '224.0200 -', 'N7TWW', 151.4, 'Usery Pass, EMRG PWR, Linked to 1.2 & 902....'),
	(96, '1284.6500 -', 'N7TWY', 100, 'EMRG PWR, linked to 902 and 222....'),
	(97, '449.625 -', 'W7ARA', 100, 'Located on top of the BofA in Mesa...'),
	(98, '145.330 -', 'WB7TUJ', 114.8, 'Stand alone back yard repeater with good East Vall'),
	(99, '146.660 -', 'WB7TUJ', 162.2, 'Great Mesa, Tempe, Scottsdale HT Coverage. Back Up'),
	(100, '449.025 -', 'K7RDG', 0, ''),
	(101, '147.000 +', 'K7MRG', 162.2, 'Mingus Mountain Prescott Valoley, AZ This is to re'),
	(102, '145.290 -', 'K7YCA', 127.3, 'Yavapai County ARES/RACES Repeater...'),
	(103, '224.080 -', 'KI6FH', 156.7, 'The repeater is located between Cottonwood and Pre'),
	(104, '147.220 +', 'W7EI', 162.2, 'Verde Valley Amatuer Radio Club...'),
	(105, '442.15 +', 'N7ULY', 0, ''),
	(106, '927.0875 -', 'WB7BYV', 151.4, ''),
	(107, '224.060 -', 'KA7LFX', 156.7, 'This repeater has remote base radios on:52.525 MHz'),
	(108, '147.38 +', 'WA6SVT', 0, ''),
	(109, '449.225 -', 'W7GAA', 0, ''),
	(110, '147.08 +', 'W0HF', 0, ''),
	(111, '146.98 -', 'kb7obj', 0, ''),
	(112, '146.88 -', 'N7OEM', 110.9, 'Click for Website'),
	(113, '147.14 +', 'KJ7YM', 0, ''),
	(114, '147.16 +', 'N7ULY', 162.2, ''),
	(115, '146.92 -', 'W7MDY', 162.2, 'LINKED TO THE 147.240'),
	(116, '147.360 +', 'W7MDY', 162.2, 'ARA ??Rimlink?۝ Linked to 147.140 on Mt Elden & 14'),
	(117, '444.500 +', 'W7MDY', 100, 'Linked to Northlink'),
	(118, '52.72 -', 'K7LHR', 136.5, 'Motorola Micor rpt'),
	(119, '224.50 -', 'N7EOJ', 156.7, ''),
	(120, '147.260 +', 'K7YCA', 103.5, 'Yavapai County ARES/RACES repeater...'),
	(121, '52.56 -', 'W0HF', 100, ''),
	(122, '147.02 +', 'N0FPE', 162.2, ''),
	(123, '146.76 -', 'WW7CPU', 0, ''),
	(124, '147.02 +', 'WW7CPU', 162.2, ''),
	(125, '448.6 -', 'N0FPE', 0, ''),
	(126, '449.525 -', 'K7ZWI', 100, ''),
	(127, '146.85 -', 'W7ARA', 0, ''),
	(128, '146.86 -', 'W7ARA', 0, ''),
	(129, '146.96 -', 'N1KQ', 0, ''),
	(130, '449.925 -', 'KD7LEN', 0, ''),
	(131, '162.5', 'WNG703', 0, 'NOAA Weather - Supplied by NOAA,...'),
	(132, '147.18 +', 'XE2DNN', 162.2, 'This repeater is located about a mile south of the'),
	(133, '147.36 +', 'N0FPE', 0, ''),
	(134, '449.025 -', 'WW7CPU', 0, ''),
	(135, '146.850 -', 'WA7RAT', 162.2, 'CALIFORNIA ARIZONA RIVER RAT RADIO AMATEURS (CARRA'),
	(136, '147.39 +', 'N7TAR', 100, 'Tonto Amateur Radio Association -Updates...'),
	(137, '162.425', 'WWG41', 0, 'NOAA Weather - Supplied by NOAA,...'),
	(138, '448.500 -', 'k7kwa', 100, ''),
	(139, '449.575 -', 'k7kwa', 100, 'Has Battery Backup'),
	(140, '449.200 -', 'KC5CAY', 100, 'Open Repeater at Sky Harbor Airport Location, Link'),
	(141, '162.55', 'KEC94', 0, 'NOAA Weather - Supplied by NOAA,...'),
	(142, '147.320 +', 'KF7KZK', 0, 'CADXA'),
	(143, '446.150 -', 'N7MFY', 100, ''),
	(144, '145.43 -', 'N7SKT', 100, 'O,E,PL,EOC White Tanks White Tanks Mtn...'),
	(145, '447.950 -', 'N7TWB', 100, 'On air with new radio. IRLP node 7460 linked part-'),
	(146, '145.19 -', 'W7ATV', 162.2, 'Located at the Honeywell facility at Sky Harbor Ai'),
	(147, '146.840 -', 'W7ATV', 162.2, 'Arizona Amatuers on T.V. Voice Repeater...'),
	(148, '147.020 +', 'W7BSA', 0, ''),
	(149, '448.800 -', 'W7BSA', 0, 'Explorer Post 599---Open to all---...'),
	(150, '146.940 -', 'W7EX', 162.2, 'Calzona Link Capable Connect Calzona Link: ##171 D'),
	(151, '146.700 -', 'W7TBC', 162.2, 'Thunderbird ARC On John C Lincoln Hospital Linked '),
	(152, '147.060 +', 'W7UXZ', 0, 'This open repeater operates with emergency backup '),
	(153, '147.280 +', 'wa7uid', 162.2, 'Located in downtown Phoenix'),
	(154, '145.23 -', 'KC7KLC', 94.8, ''),
	(155, '449.525 -', 'WW7CPU', 0, ''),
	(156, '145.410 -', 'K7EAR', 141.3, 'EAARS Linked System'),
	(157, '448.425 -', 'KD7DR', 103.5, ''),
	(158, '445.8500 -', 'N7CI', 0, 'D-Star DV, Emerg Pwr, gateway'),
	(159, '224.100 -', 'N7MK', 156.7, 'EMRG PWR'),
	(160, '927.8375 -', 'N7TWW', 151.4, 'EMRG PWR'),
	(161, '448.475 -', 'W7ARA', 100, ''),
	(162, '1283.65 -', 'N0FPE', 100, ''),
	(163, '146.74 -', 'WB7TJD', 162.2, ''),
	(164, '442.000 +', 'KD7LEN', 100, 'Navajo Amateur Radio Club'),
	(165, '145.170 -', 'W7ARA', 162.2, ''),
	(166, '146.76 -', 'W7MOT-52', 0, ''),
	(167, '448.500 -', 'KB6TWC', 100, 'LASTTRUMPET.ORG Repeater / located on "P" Mountain'),
	(168, '52.56 -', 'N7NGM', 100, 'We have occasional crackle on our signal due to po'),
	(169, '449.675 -', 'WB7BYV', 88.5, 'Linked to 927.3875 Repeater'),
	(170, '927.3875 -', 'WB7BYV', 151.4, 'Linked to 449.675 & 927.0875 EchoLink...'),
	(171, '162.525', 'WWF98', 0, 'NOAA Weather - Supplied by NOAA,...'),
	(172, '146.88 -', 'WB7TJD', 0, ''),
	(173, '145.310 -', 'WB7FIK', 107.2, ''),
	(174, '146.64 -', 'KF7LA', 0, ''),
	(175, '449.95 -', 'AI7R', 0, ''),
	(176, '145.250 -', 'KB5ITS', 100, ''),
	(177, '146.82 -', 'AI7R', 0, ''),
	(178, '449.175 -', 'kb7obj', 0, ''),
	(179, '447.725 -', 'N7ULY', 100, 'Great coverage repeater all the way to Phoenix...'),
	(180, '162.55', 'KXI24', 0, 'NOAA Weather - Supplied by NOAA,...'),
	(181, '224.44 -', 'KJ7YM', 0, ''),
	(182, '449.425 -', 'K0NL', 100, 'IRLP 7570'),
	(183, '145.310 +', 'KB6POQ', 91.5, 'Echolink Node 346428'),
	(184, '441.100 +', 'W0NWA', 103.5, 'also IRLP node 4243 Open Repeater and echolink 228'),
	(185, '147.180 +', 'W7APE', 162.2, 'Linked to 444.000 at the same site Scottsdale Heal'),
	(186, '442.025 +', 'W7MOT', 100, ''),
	(187, '147.340 +', 'W7MOT-33', 162.2, 'MARCA Linked to 442.025 & 927.3875 ...'),
	(188, '440.000 +', 'WA7APE', 100, ''),
	(189, '146.76 -', 'K7NAZ', 0, ''),
	(190, '441.625 +', 'WA7ZZT', 100, 'Linked to Northlink ARA Scottsdale Air park on the'),
	(191, '442.850 +', 'WB7EVI', 100, 'Linked full time to 442.800 So Mtn for Sky Warn...'),
	(192, '147.24 +', 'K7RDG', 0, ''),
	(193, '449.525 -', 'N7ULY', 100, ''),
	(194, '162.4', 'WNG548', 0, 'NOAA Weather - Supplied by NOAA,...'),
	(195, '224.960 -', 'N0NBH', 100, 'System of five open repeaters on 2m, 1.25m, 70cm, '),
	(196, '147.360 +', 'N0NBH', 100, 'System of five open repeaters on 2m, 1.25m, 70cm, '),
	(197, '449.825 -', 'N0NBH', 100, 'System of five open repeaters on 2m, 1.25m, 70cm, '),
	(198, '927.9125 -', 'N0NBH', 100, 'System of five open repeaters on 2m, 1.25m, 70cm, '),
	(199, '1282.500 -', 'N0NBH', 100, 'System of five open repeaters on 2m, 1.25m, 70cm, '),
	(200, '444.1250 +', 'W6SEL', 103.5, 'EchoLink node #401599'),
	(201, '447.95 -', 'WA6SVT', 0, ''),
	(202, '449.650 -', 'WA7HUH', 100, ''),
	(203, '146.680 -', 'K7LKL', 162.2, 'Calzona Link'),
	(204, '443.775 +', 'W7ARA', 100, 'Linked to Northlink'),
	(205, '443.050 +', 'W7MOT-21', 100, 'MARCA MOT-21 So Mtn wide coverage...'),
	(206, '442.200 +', 'K7CBS', 100, 'CBS 5 repeater club'),
	(207, '442.800 +', 'KX7KW', 100, 'Arizona Skywarn uses this machine for net and also'),
	(208, '441.200 +', 'KB7CGA', 77, ''),
	(209, '146.610 -', 'N7ENS', 162.2, 'This repeater has linking capabilities on command.'),
	(210, '449.800 -', 'W7JHQ', 100, 'WVARC Located on Banner Boswell Memorial Hospital '),
	(211, '442.450 +', 'KA7G/R', 91.5, 'IRLP Node 8383'),
	(212, '441.8 +', 'W7GAA', 0, ''),
	(213, '224.64 -', 'N0FPE', 88.5, ''),
	(214, '448.825 -', 'K7MCS', 100, ''),
	(215, '147.080 +', 'W7IFH', 162.2, 'Located on Thompson Pk'),
	(216, '145.370 -', 'W1OQ', 162.2, ''),
	(217, '448.575 -', 'W0HF', 0, ''),
	(218, '449.175 -', 'kb7obj', 0, ''),
	(219, '146.700 -', 'AC7IL', 127.3, 'CARBA'),
	(220, '146.85 -', 'AG7H/R', 0, 'continously solar powered since 1981...'),
	(221, '447.5 -', 'K5VT', 0, ''),
	(222, '446.900 -', 'K7ICU', 100, 'Click for Website'),
	(223, '224.740 -', 'k7iou', 136.5, 'NE Tucson, B.A.R.T. repeater group. Linked to the '),
	(224, '448.775 -', 'K7RML', 100, 'Catalina Radio Club Open Repeater - All welcome. A'),
	(225, '145.115 -', 'K7RST', 0, '[D-Star} Located at 9200 ft atop Mt Lemmon neat Tu'),
	(226, '146.800 -', 'K7RST', 156.7, 'RST club of Tucson. at northwest Tucson fire stati'),
	(227, '445.900 -', 'K7RST', 0, '[D-Star} Located at 9200 ft atop Mt Lemmon neat Tu'),
	(228, '448.325 -', 'K7RST', 156.7, 'Click for Website'),
	(229, '449.300 -', 'K7RST', 156.7, 'THIS REPEATER IS NOT CURRENTLY ON THE AIR...'),
	(230, '1284.250 -', 'K7RST', 0, '[D-STAR] Located at 9200 ft atop Mt. Lemmon near .'),
	(231, '1298.250 S', 'K7RST', 0, 'NOT CURRENTLY ON THE AIR'),
	(232, '146.96 -', 'K7UAZ', 127.3, 'The repeater was serviced and programmed by John S'),
	(233, '447.475 -', 'KA7TXS', 0, 'Part of - Southeast AZ Radio Society - S.E.A.R.S. '),
	(234, '447.875 -', 'KA7TXS', 0, 'Part of - Southeast AZ Radio Society - S.E.A.R.S. '),
	(235, '447.100 -', 'KB7LMI', 151.4, 'Corona De Tucson'),
	(236, '147.1 +', 'KC0LL', 100, 'Located on 9,000Ft. Mt. Lemmon along with my 444.9'),
	(237, '449.875 -', 'KC0LL', 100, 'Located on 7,000 Keystone Mt. S. of Tucson (Green '),
	(238, '449.975 -', 'KC0LL', 100, 'Located on 9,000 Mt. Lemmon NE of Tucson, it has v'),
	(239, '443.025 +', 'KC7AEH/N0N', 0, 'THIS REPEATER IS THE SOUTHWEST INTERTIE SYSTEM VHF'),
	(240, '447.725 -', 'KI7ML', 100, 'This is an emergency repeater with 911 access whic'),
	(241, '1284.750 -', 'KR7ST', 0, '[D-Star] Located at 9200 ft atop Mt Lemmon neat Tu'),
	(242, '447.425 -', 'N0NKU', 107.2, 'THIS IS THE SOUTHWEST INTERTIE SYSTEM UHF #1 REPEA'),
	(243, '448.350 -', 'N1DHS', 107.2, 'The N1DHS repeater is located on Mt. Lemmon. 9,000'),
	(244, '223.94 -', 'N7EOJ', 156.7, ''),
	(245, '224.18 -', 'N7EOJ', 100, 'Click for Website'),
	(246, '146.680 -', 'N7IQV/R', 173.8, 'UPDATE by OWNER, correcting present notes, ZIP cod'),
	(247, '147.300 +', 'N7OEM', 110.9, 'Pima County RACES primary repeater - 2545 E. Ajo W'),
	(248, '448.55 -', 'N7SKO', 136.5, 'LOCATED ON HAYDEN PEAK IN THE HUALAPAI MOUTAINS...'),
	(249, '145.450 -', 'W7IBM', 0, 'Tucson IBM ARC (TIARC), edited by N7DZ 2002/03/30.'),
	(250, '445.7375 -', 'W7NFL', 0, '{D-Star} repeater, excellent southern and central '),
	(251, '147.390 +', 'W7SA', 100, 'Catalina Radio Club - All Hams welcome! Backup rep'),
	(252, '447.45 -', 'W7WGW', 0, 'Link to 10 meters FM 29.9'),
	(253, '448.95 -', 'wb6ufq', 107.2, 'was 146.97 az band plans 146.96 open solar power..'),
	(254, '146.94 -', 'WD7F', 110.9, 'A BART repeater linked to 224.74(136.5) & 448.350('),
	(255, '162.4', 'WXL30', 0, 'NOAA Weather - Supplied by NOAA,...'),
	(256, '53.15 -', 'KJ7YM', 0, 'irvind@seds.org'),
	(257, '145.17 -', 'N7ULY', 0, ''),
	(258, '145.19 -', 'W0HF', 0, ''),
	(259, '145.31 -', 'N0FPE', 0, ''),
	(260, '145.33 -', 'WW7CPU', 0, ''),
	(261, '145.39 -', 'WW7CPU', 0, ''),
	(262, '146.61 -', 'N0FPE', 0, ''),
	(263, '146.66 -', 'K7ZWI', 0, ''),
	(264, '146.78 -', 'W7ARA', 0, ''),
	(265, '146.82 -', 'W7ARA', 0, ''),
	(266, '147.04 +', 'N1KQ', 0, ''),
	(267, '147.22 +', 'KD7LEN', 0, ''),
	(268, '147.26 +', 'N0FPE', 0, ''),
	(269, '147.28 +', 'WW7CPU', 0, ''),
	(270, '224.48 -', 'KC7KLC', 0, ''),
	(271, '449.25 -', 'WW7CPU', 100, ''),
	(272, '449.475 -', 'N0FPE', 0, 'ARES'),
	(273, '449.55 -', 'WB7TJD', 107.2, 'ZIA LINK'),
	(274, '449.575 -', 'W7MOT-52', 0, 'irvind@seds.org'),
	(275, '449.625 -', 'WB7TJD', 0, 'ZIA LINK'),
	(276, '449.8 -', 'KC7KLC', 0, ''),
	(277, '145.490 +', 'KC7WYD', 107.2, 'RADIO AFICIONADOS DE ARIZONA'),
	(278, '447.425 -', 'KC7WYD', 107.2, 'ECHOLINK Node..467435 RADIO AFICIONADOS DE ARIZONA'),
	(279, '449.550 -', 'K7LHR/R', 107.2, 'This repeater will be linked to 6 meter rpt on mt '),
	(280, '446.550 -', 'ke7ulc', 100, 'Win System Affiliate East Tucson, Vail...'),
	(281, '147.34 +', 'W7EX', 0, 'This repeater is owner by the Arizona Repeater Ass'),
	(282, '147.380 +', 'N7ULY', 79.7, 'Battery Back Up Power. Public Safety oretnted grou'),
	(283, '441.725 +', 'W7EX', 100, 'ARA Repeater linked to San Diego CA full time with'),
	(284, '145.350 -', 'W7QHC', 162.2, 'This repeater is defective and has a very limited '),
	(285, '162.55', 'WWF99', 0, 'NOAA Weather - Supplied by NOAA,...'),
	(286, '146.740 -', 'KA7UOU', 0, 'LOCALLY OWNED, OPEN REPEATER IN THE YUMA AREA....'),
	(287, '146.780 -', 'KC7OZT', 0, 'ARES/RACES');
/*!40000 ALTER TABLE `ponte` ENABLE KEYS */;
/*!40101 SET SQL_MODE=IFNULL(@OLD_SQL_MODE, '') */;
/*!40014 SET FOREIGN_KEY_CHECKS=IF(@OLD_FOREIGN_KEY_CHECKS IS NULL, 1, @OLD_FOREIGN_KEY_CHECKS) */;
/*!40101 SET CHARACTER_SET_CLIENT=@OLD_CHARACTER_SET_CLIENT */;
